<?xml version="1.0" encoding="UTF-8"?>


<!DOCTYPE hibernate-mapping PUBLIC
          "-//Hibernate/Hibernate Mapping DTD 3.0//EN"
          "http://hibernate.sourceforge.net/hibernate-mapping-3.0.dtd">

          <hibernate-mapping>
          <class name="com.Employee" table="Employee">
          <id name="id">
          <generator class="increment"></generator>
          </id>
          <property name="emailId"></property>
           <property name="Fname"></property>
            <property name="Lname"></property>
              <property name="passwd"></property>
              

          <list name="attend" cascade="all">
             <key column="emailId"></key>
             <index column="id"></index>
          <one-to-many class="com.EmployeeAtt"/>
          </list>
          
          </class>
          
          <class name="com.EmployeeAtt" table="EmployeeAtt">
          <id name="id">
          <generator class="increment"></generator>
          </id>
          <property name="emailId"></property>
          <property name="punchin"></property>
          <property name="punchout"></property>
          <property name="date"></property>
          </class>
          
          </hibernate-mapping>